"관리기관명",소재지도로명주소,소재지지번주소,설치목적구분,카메라대수,카메라화소수,촬영방면정보,보관일수,설치년월,관리기관전화번호,위도,경도,데이터기준일자
"부산광역시 부산진구청",부산광역시 부산진구 성지로 116,부산광역시 부산진구 초읍동 178-6,어린이보호,1,200,360도 전방면,30,,051-605-4647,35.1803305,129.0516257,2019-09-17
"부산광역시 부산진구청",부산광역시 부산진구 안창로14번길 78,부산광역시 부산진구 범천동 1536,어린이보호,0,,,,,051-605-4647,35.1461264,129.0434004,2019-09-17
"부산광역시 부산진구청",부산광역시 부산진구 백양대로260번길 16,부산광역시 부산진구 개금동 419-3,어린이보호,0,,,,,051-605-4647,35.1565111,129.0222699,2019-09-17
"부산광역시 부산진구청",부산광역시 부산진구 양지로11번길 64,부산광역시 부산진구 양정동 345-2,어린이보호,1,200,360도 전방면,30,,051-605-4647,35.1714866,129.0717271,2019-09-17
"부산광역시 부산진구청",부산광역시 부산진구 국악로60번길 4,부산광역시 부산진구 초읍동 616-15,어린이보호,0,,,,,051-605-4647,35.1747205,129.0504611,2019-09-17
"부산광역시 부산진구청",부산광역시 부산진구 거제대로 37,부산광역시 부산진구 양정동 458-20,어린이보호,0,,,,,051-605-4647,35.1720901,129.0655534,2019-09-17
"부산광역시 부산진구청",부산광역시 부산진구 당감로 79,부산광역시 부산진구 부암동 500,어린이보호,0,,,,,051-605-4647,35.1689816,129.0375669,2019-09-17
"부산광역시 부산진구청",부산광역시 부산진구 성지로14번길 65,부산광역시 부산진구 연지동 50-6,어린이보호,0,,,,,051-605-4647,35.1733928,129.0586357,2019-09-17
"부산광역시 부산진구청",부산광역시 부산진구 백양대로208번길 174,부산광역시 부산진구 개금동 1-6,어린이보호,2,200,360도 전방면,30,,051-605-4647,35.1635902,129.0244649,2019-09-17
"부산광역시 부산진구청",부산광역시 부산진구 개금본동로9번길 41,부산광역시 부산진구 개금동 237-1,어린이보호,1,200,360도 전방면,30,,051-605-4647,35.1571185,129.0235693,2019-09-17
"부산광역시 부산진구청",부산광역시 부산진구 당감서로 16,부산광역시 부산진구 당감동 818-220,어린이보호,1,200,360도 전방면,30,,051-605-4647,35.1623331,129.0366197,2019-09-17
"부산광역시 부산진구청",부산광역시 부산진구 백양관문로77번길 33,부산광역시 부산진구 개금동 1-19,어린이보호,1,200,360도 전방면,30,,051-605-4647,35.1644943,129.0277604,2019-09-17
"부산광역시 부산진구청",부산광역시 부산진구 거제천로40번길 31,부산광역시 부산진구 양정동 250-1,어린이보호,1,200,360도 전방면,30,,051-605-4647,35.1792288,129.0727223,2019-09-17
"부산광역시 부산진구청",부산광역시 부산진구 복지로 117-12,부산광역시 부산진구 개금동 57,어린이보호,1,200,360도 전방면,30,,051-605-4647,35.1426032,129.0195381,2019-09-17
"부산광역시 부산진구청",부산광역시 부산진구 백양대로136번길 90,부산광역시 부산진구 당감동 488-2,어린이보호,1,200,360도 전방면,30,,051-605-4647,35.1639901,129.0338286,2019-09-17
"부산광역시 부산진구청",부산광역시 부산진구 연수로11번길 34,부산광역시 부산진구 양정동 271-18,어린이보호,1,200,360도 전방면,30,,051-605-4647,35.1747949,129.0737388,2019-09-17
"부산광역시 부산진구청",부산광역시 부산진구 백양대로136번길 37-9,부산광역시 부산진구 당감동 516-3,어린이보호,1,200,360도 전방면,30,,051-605-4647,35.1618761,129.0332321,2019-09-17
"부산광역시 부산진구청",부산광역시 부산진구 동평로39번길 106,부산광역시 부산진구 당감동 633-1,어린이보호,1,200,360도 전방면,30,,051-605-4647,35.1676615,129.0292801,2019-09-17
"부산광역시 부산진구청",부산광역시 부산진구 엄광로386번길 24,부산광역시 부산진구 범천동 1127-39,어린이보호,0,,,,,051-605-4647,35.1514439,129.0459936,2019-09-17
"부산광역시 부산진구청",부산광역시 부산진구 냉정로178번길 13,부산광역시 부산진구 개금동 835,어린이보호,1,200,360도 전방면,30,,051-605-4647,35.1492985,129.0196731,2019-09-17
"부산광역시 부산진구청",부산광역시 부산진구 백양관문로 25-29,부산광역시 부산진구 개금동 53-5,어린이보호,1,200,360도 전방면,30,,051-605-4647,35.1608238,129.0294651,2019-09-17
"부산광역시 부산진구청",부산광역시 부산진구 화지로 6,부산광역시 부산진구 양정동 455,어린이보호,1,200,360도 전방면,30,,051-605-4647,35.1755761,129.0640828,2019-09-17
"부산광역시 부산진구청",부산광역시 부산진구 당감서로 120,부산광역시 부산진구 당감동 768-30,어린이보호,1,200,360도 전방면,30,,051-605-4647,35.1692452,129.0336184,2019-09-17
"부산광역시 부산진구청",부산광역시 부산진구 백양관문로 112,부산광역시 부산진구 당감동 791,어린이보호,0,,,,,051-605-4647,35.1684981,129.0283234,2019-09-17
"부산광역시 부산진구청",부산광역시 부산진구 복지로 70,부산광역시 부산진구 개금동 618-2,어린이보호,1,200,360도 전방면,30,,051-605-4647,35.1475527,129.0192145,2019-09-17
"부산광역시 부산진구청",부산광역시 부산진구 성지로74번길 60,부산광역시 부산진구 초읍동 529-46,어린이보호,0,,,,,051-605-4647,35.1790061,129.0563305,2019-09-17
"부산광역시 부산진구청",부산광역시 부산진구 백양순환로18번길 36,부산광역시 부산진구 당감동 689,어린이보호,1,200,360도 전방면,30,,051-605-4647,35.1662387,129.0352533,2019-09-17
"부산광역시 부산진구청",부산광역시 부산진구 당감로 22-5,부산광역시 부산진구 당감동 271,어린이보호,0,,,,,051-605-4647,35.1643376,129.0408295,2019-09-17
"부산광역시 부산진구청",부산광역시 부산진구 당감서로100번길 56,부산광역시 부산진구 당감동 778-20,어린이보호,1,200,360도 전방면,30,,051-605-4647,35.1703418,129.0338837,2019-09-17
"부산광역시 부산진구청",부산광역시 부산진구 동성로 26,부산광역시 부산진구 전포동,어린이보호,0,,,,,051-605-4647,35.1519744,129.0663378,2019-09-17
"부산광역시 부산진구청",부산광역시 부산진구 당감로64번길 27,부산광역시 부산진구 부암동 426-1,어린이보호,1,200,360도 전방면,30,,051-605-4647,35.1679636,129.0401347,2019-09-17
"부산광역시 부산진구청",부산광역시 부산진구 경마장로5번길 71,부산광역시 부산진구 양정동 445-50,어린이보호,1,200,360도 전방면,30,,051-605-4647,35.1707573,129.0632483,2019-09-17
"부산광역시 부산진구청",부산광역시 부산진구 엄광로 122,부산광역시 부산진구 가야동 669-9,어린이보호,1,200,360도 전방면,30,,051-605-4647,35.1466982,129.0255141,2019-09-17
"부산광역시 부산진구청",부산광역시 부산진구 진남로 506,부산광역시 부산진구 양정동 74-161,어린이보호,0,,,,,051-605-4647,35.1685344,129.0716411,2019-09-17
"부산광역시 부산진구청",부산광역시 부산진구 범천로 30,부산광역시 부산진구 범천동 890-1,어린이보호,1,200,360도 전방면,30,,051-605-4647,35.1499601,129.0560701,2019-09-17
"부산광역시 부산진구청",부산광역시 부산진구 새싹로14번길 7,부산광역시 부산진구 부전동 395-7,어린이보호,1,200,360도 전방면,30,,051-605-4647,35.1597736,129.0581321,2019-09-17
"부산광역시 부산진구청",부산광역시 부산진구 엄광로182번길 15-14,부산광역시 부산진구 가야동 464-84,어린이보호,0,,,,,051-605-4647,35.1469879,129.0353397,2019-09-17
"부산광역시 부산진구청",부산광역시 부산진구 성지로46번길 15,부산광역시 부산진구 연지동 290-31,어린이보호,1,200,360도 전방면,30,,051-605-4647,35.1749851,129.0557922,2019-09-17
"부산광역시 부산진구청",부산광역시 부산진구 동평로183번길 114,부산광역시 부산진구 연지동 353-9,어린이보호,0,,,,,051-605-4647,35.1720278,129.0487216,2019-09-17
"부산광역시 부산진구청",부산광역시 부산진구 시민공원로19번길 62,부산광역시 부산진구 부암동 80-39,어린이보호,1,200,360도 전방면,30,,051-605-4647,35.1661393,129.0515033,2019-09-17
"부산광역시 부산진구청",부산광역시 부산진구 신암로 97,부산광역시 부산진구 범천동 1230-65,어린이보호,1,200,360도 전방면,30,,051-605-4647,35.1497283,129.0522612,2019-09-17
"부산광역시 부산진구청",부산광역시 부산진구 황령대로 79,부산광역시 부산진구 전포동 364-1,어린이보호,0,,,,,051-605-4647,35.1515174,129.0677358,2019-09-17
"부산광역시 부산진구청",부산광역시 부산진구 백양산로 23,부산광역시 부산진구 당감동 782-1,어린이보호,1,200,360도 전방면,30,,051-605-4647,35.1715531,129.0328583,2019-09-17
"부산광역시 부산진구청",부산광역시 부산진구 시민공원로74번길 50,부산광역시 부산진구 범전동,어린이보호,0,,,,,051-605-4647,35.1637504,129.0564954,2019-09-17
"부산광역시 부산진구청",부산광역시 부산진구 백양대로136번길 90,부산광역시 부산진구 당감동 488-2,어린이보호,1,200,360도 전방면,30,,051-605-4647,35.1639901,129.0338286,2019-09-17
"부산광역시 부산진구청",부산광역시 부산진구 양지로5번길 31,부산광역시 부산진구 양정동,어린이보호,5,200,360도 전방면,30,,051-605-4647,35.1711433,129.0702889,2019-09-17
"부산광역시 부산진구청",부산광역시 부산진구 양지로17번길 28,부산광역시 부산진구 양정동 356-26,어린이보호,1,200,360도 전방면,30,,051-605-4647,35.1697015,129.0710592,2019-09-17
"부산광역시 부산진구청",부산광역시 부산진구 동평로 350,부산광역시 부산진구 양정동,어린이보호,1,200,360도 전방면,30,,051-605-4647,35.1745127,129.0632237,2019-09-17
"부산광역시 부산진구청",부산광역시 부산진구 백양대로300번길 30,부산광역시 부산진구 개금동 455,어린이보호,1,200,360도 전방면,30,,051-605-4647,35.1558713,129.0195762,2019-09-17
"부산광역시 부산진구청",부산광역시 부산진구 냉정로 199,부산광역시 부산진구 개금동 177-154,어린이보호,1,200,360도 전방면,30,,051-605-4647,35.1506644,129.0216733,2019-09-17
"부산광역시 부산진구청",부산광역시 부산진구 당감로 118,부산광역시 부산진구 부암동 560-19,어린이보호,1,200,360도 전방면,30,,051-605-4647,35.1728515,129.0370145,2019-09-17
"부산광역시 부산진구청",부산광역시 부산진구 전포대로255번길 38,부산광역시 부산진구 전포동 656-1,어린이보호,1,200,360도 전방면,30,,051-605-4647,35.1594596,129.0635315,2019-09-17
"부산광역시 부산진구청",부산광역시 부산진구 진사로61번길 28-7,부산광역시 부산진구 개금동 630-5,어린이보호,1,200,360도 전방면,30,,051-605-4647,35.1457956,129.0194669,2019-09-17
"부산광역시 부산진구청",부산광역시 부산진구 월드컵대로449번길 44-6,부산광역시 부산진구 초읍동 475,어린이보호,0,,,,,051-605-4647,35.1814958,129.0505055,2019-09-17
"부산광역시 부산진구청",부산광역시 부산진구 가야대로 635-13,부산광역시 부산진구 당감동 123,어린이보호,0,,,,,051-605-4647,35.1565783,129.0402192,2019-09-17
"부산광역시 부산진구청",부산광역시 부산진구 엄광로 325,부산광역시 부산진구 가야동 12,어린이보호,1,200,360도 전방면,30,,051-605-4647,35.1542617,129.0443121,2019-09-17
"부산광역시 부산진구청",부산광역시 부산진구 엄광로182번길 49,부산광역시 부산진구 가야동 464-99,어린이보호,1,200,360도 전방면,30,,051-605-4647,35.1463446,129.0356169,2019-09-17
"부산광역시 부산진구청",부산광역시 부산진구 대학로 16-1,부산광역시 부산진구 가야동 272,어린이보호,1,200,360도 전방면,30,,051-605-4647,35.1534415,129.0356893,2019-09-17
"부산광역시 부산진구청",부산광역시 부산진구 가야대로482번길 87,부산광역시 부산진구 가야동 649-19,어린이보호,1,200,360도 전방면,30,,051-605-4647,35.1486791,129.0250341,2019-09-17
"부산광역시 부산진구청",부산광역시 부산진구 가야대로443번길 25-10,부산광역시 부산진구 개금동 467-1,어린이보호,1,200,360도 전방면,30,,051-605-4647,35.1544203,129.0197677,2019-09-17
"부산광역시 부산진구청",부산광역시 부산진구 백양대로320번길 40,부산광역시 부산진구 개금동 446-14,어린이보호,1,200,360도 전방면,30,,051-605-4647,35.1562594,129.0159777,2019-09-17
"부산광역시 부산진구청",부산광역시 부산진구 백양관문로77번길 17,부산광역시 부산진구 개금동 1-18,어린이보호,1,200,360도 전방면,30,,051-605-4647,35.1645759,129.0282367,2019-09-17
"부산광역시 부산진구청",부산광역시 부산진구 백양대로208번길 9,부산광역시 부산진구 개금동 58,어린이보호,1,200,360도 전방면,30,,051-605-4647,35.1586337,129.0265628,2019-09-17
"부산광역시 부산진구청",부산광역시 부산진구 개금본동로66번길 12-12,부산광역시 부산진구 개금동 404,어린이보호,3,200,360도 전방면,30,,051-605-4647,35.1584924,129.0207701,2019-09-17
"부산광역시 부산진구청",부산광역시 부산진구 당감로 22-5,부산광역시 부산진구 당감동 271,어린이보호,2,200,360도 전방면,30,,051-605-4647,35.1643376,129.0408295,2019-09-17
"부산광역시 부산진구청",부산광역시 부산진구 백양대로136번길 26,부산광역시 부산진구 당감동 517,어린이보호,1,200,360도 전방면,30,,051-605-4647,35.1615747,129.0347474,2019-09-17
"부산광역시 부산진구청",부산광역시 부산진구 동성로 26,부산광역시 부산진구 전포동 358-56,어린이보호,2,200,360도 전방면,30,,051-605-4647,35.1525298,129.0663934,2019-09-17
"부산광역시 부산진구청",부산광역시 부산진구 백양산로 99,부산광역시 부산진구 부암동 719,어린이보호,1,200,360도 전방면,30,,051-605-4647,35.1763311,129.0309679,2019-09-17
"부산광역시 부산진구청",부산광역시 부산진구 백양산로 43,부산광역시 부산진구 당감동 786-2,어린이보호,1,200,360도 전방면,30,,051-605-4647,35.1729525,129.0308792,2019-09-17
"부산광역시 부산진구청",부산광역시 부산진구 당감서로65번길 31,부산광역시 부산진구 당감동 705-1,어린이보호,1,200,360도 전방면,30,,051-605-4647,35.1673508,129.0351708,2019-09-17
"부산광역시 부산진구청",부산광역시 부산진구 범천로 30,부산광역시 부산진구 범천동 890-1,어린이보호,2,200,360도 전방면,30,,051-605-4647,35.1499593,129.0560691,2019-09-17
"부산광역시 부산진구청",부산광역시 부산진구 신천대로263번길 26,부산광역시 부산진구 부암동 275,어린이보호,1,200,360도 전방면,30,,051-605-4647,35.1650691,129.0489254,2019-09-17
"부산광역시 부산진구청",부산광역시 부산진구 부전로65번길 25,부산광역시 부산진구 부전동 450-1,어린이보호,2,200,360도 전방면,30,,051-605-4647,35.1550139,129.0532161,2019-09-17
"부산광역시 부산진구청",부산광역시 부산진구 엄광로 412,부산광역시 부산진구 범천동 1223-27,어린이보호,1,200,360도 전방면,30,,051-605-4647,35.1487601,129.0490552,2019-09-17
"부산광역시 부산진구청",부산광역시 부산진구 황령대로 79,부산광역시 부산진구 전포동 364-1,어린이보호,3,200,360도 전방면,30,,051-605-4647,35.1515174,129.0677358,2019-09-17
"부산광역시 부산진구청",부산광역시 부산진구 중앙번영로 25,부산광역시 부산진구 범천동 851-6,어린이보호,1,200,360도 전방면,30,,051-605-4647,35.1452327,129.0619132,2019-09-17
"부산광역시 부산진구청",부산광역시 부산진구 전포대로298번길 15,부산광역시 부산진구 전포동 164-8,어린이보호,1,200,360도 전방면,30,,051-605-4647,35.1637147,129.0664408,2019-09-17
"부산광역시 부산진구청",부산광역시 부산진구 시민공원로 62,부산광역시 부산진구 범전동 229-1,어린이보호,1,200,360도 전방면,30,,051-605-4647,35.1644152,129.0569618,2019-09-17
"부산광역시 부산진구청",부산광역시 부산진구 황령산로605번길 35-10,부산광역시 부산진구 양정동 24,어린이보호,1,200,360도 전방면,30,,051-605-4647,35.1713838,129.0810654,2019-09-17
"부산광역시 부산진구청",부산광역시 부산진구 양성로 34,부산광역시 부산진구 양정동 445-386,어린이보호,1,200,360도 전방면,30,,051-605-4647,35.1704357,129.0658897,2019-09-17
"부산광역시 부산진구청",부산광역시 부산진구 중앙대로941번길 24,부산광역시 부산진구 양정동 273-8,어린이보호,1,200,360도 전방면,30,,051-605-4647,35.1752436,129.0711111,2019-09-17
"부산광역시 부산진구청",부산광역시 부산진구 연지로 29,부산광역시 부산진구 연지동 238-4,어린이보호,1,200,360도 전방면,30,,051-605-4647,35.1721661,129.0500055,2019-09-17
"부산광역시 부산진구청",부산광역시 부산진구 초읍천로43번길 10,부산광역시 부산진구 초읍동 117-1,어린이보호,2,200,360도 전방면,30,,051-605-4647,35.1770072,129.0465197,2019-09-17
"부산광역시 부산진구청",부산광역시 부산진구 전포대로255번길 38,부산광역시 부산진구 전포동 656-1,어린이보호,1,200,360도 전방면,30,,051-605-4647,35.1594596,129.0635315,2019-09-17
"부산광역시 부산진구청",부산광역시 부산진구 진사로61번길 28-7,부산광역시 부산진구 개금동 630-5,어린이보호,1,200,360도 전방면,30,,051-605-4647,35.1457956,129.0194669,2019-09-17
"부산광역시 부산진구청",부산광역시 부산진구 복지로 71,부산광역시 부산진구 개금동 565-14,어린이보호,0,,,,,051-605-4647,35.1471129,129.0184258,2019-09-17
"부산광역시 부산진구청",부산광역시 부산진구 성지로104번길 26,부산광역시 부산진구 초읍동 540,어린이보호,1,200,360도 전방면,30,,051-605-4647,35.1802528,129.0544473,2019-09-17
"부산광역시 부산진구청",부산광역시 부산진구 백양대로320번길 40,부산광역시 부산진구 개금동 446-14,어린이보호,1,200,360도 전방면,30,,051-605-4647,35.1562594,129.0159777,2019-09-17
"부산광역시 부산진구청",부산광역시 부산진구 백양순환로 70-11,부산광역시 부산진구 당감동 775-2,어린이보호,1,200,360도 전방면,30,,051-605-4647,35.1685836,129.0379501,2019-09-17
